Antisense,Predicted_inhibition
AUGAGAAGCCAUCCUGCCA,0.6020016670227051
GAUGAGAAGCCAUCCUGCC,0.5860693454742432
CGAUGAGAAGCCAUCCUGC,0.5469049215316772
ACGAUGAGAAGCCAUCCUG,0.5488687753677368
GACGAUGAGAAGCCAUCCU,0.5034562945365906
AGACGAUGAGAAGCCAUCC,0.5304831862449646
CAGACGAUGAGAAGCCAUC,0.5467311143875122
GCAGACGAUGAGAAGCCAU,0.4662694036960602
AGCAGACGAUGAGAAGCCA,0.4755185842514038
GAGCAGACGAUGAGAAGCC,0.5959054231643677
GGAGCAGACGAUGAGAAGC,0.5546310544013977
AGGAGCAGACGAUGAGAAG,0.4909012019634247
GAGGAGCAGACGAUGAGAA,0.4026223123073578
GGAGGAGCAGACGAUGAGA,0.4096721410751343
AGGAGGAGCAGACGAUGAG,0.5045049786567688
GAGGAGGAGCAGACGAUGA,0.4586855471134186
AGAGGAGGAGCAGACGAUG,0.44406118988990784
CAGAGGAGGAGCAGACGAU,0.43697604537010193
GCAGAGGAGGAGCAGACGA,0.47352707386016846
GGCAGAGGAGGAGCAGACG,0.4187862277030945
AGGCAGAGGAGGAGCAGAC,0.47142744064331055
AAGGCAGAGGAGGAGCAGA,0.45146477222442627
CAAGGCAGAGGAGGAGCAG,0.36368340253829956
GCAAGGCAGAGGAGGAGCA,0.42489704489707947
AGCAAGGCAGAGGAGGAGC,0.5123633146286011
CAGCAAGGCAGAGGAGGAG,0.42796772718429565
CCAGCAAGGCAGAGGAGGA,0.3826005160808563
UCCAGCAAGGCAGAGGAGG,0.5039179921150208
GUCCAGCAAGGCAGAGGAG,0.42790740728378296
AGUCCAGCAAGGCAGAGGA,0.5026938915252686
CAGUCCAGCAAGGCAGAGG,0.5207105278968811
CCAGUCCAGCAAGGCAGAG,0.3807563781738281
ACCAGUCCAGCAAGGCAGA,0.5661747455596924
UACCAGUCCAGCAAGGCAG,0.6629568934440613
AUACCAGUCCAGCAAGGCA,0.5698146820068359
AAUACCAGUCCAGCAAGGC,0.5724939107894897
AAAUACCAGUCCAGCAAGG,0.537967324256897
CAAAUACCAGUCCAGCAAG,0.4706229865550995
ACAAAUACCAGUCCAGCAA,0.5367258787155151
CACAAAUACCAGUCCAGCA,0.5676304697990417
ACACAAAUACCAGUCCAGC,0.6337825059890747
GACACAAAUACCAGUCCAG,0.5483677387237549
AGACACAAAUACCAGUCCA,0.5778117775917053
CAGACACAAAUACCAGUCC,0.5551950335502625
UCAGACACAAAUACCAGUC,0.69866544008255
CUCAGACACAAAUACCAGU,0.4817892611026764
CCUCAGACACAAAUACCAG,0.47742459177970886
GCCUCAGACACAAAUACCA,0.5231860876083374
AGCCUCAGACACAAAUACC,0.6186527013778687
CAGCCUCAGACACAAAUAC,0.5230876207351685
CCAGCCUCAGACACAAAUA,0.29286906123161316
GCCAGCCUCAGACACAAAU,0.34882256388664246
GGCCAGCCUCAGACACAAA,0.35284191370010376
GGGCCAGCCUCAGACACAA,0.3468436896800995
AGGGCCAGCCUCAGACACA,0.4522889256477356
UAGGGCCAGCCUCAGACAC,0.48102375864982605
GUAGGGCCAGCCUCAGACA,0.3852252960205078
CGUAGGGCCAGCCUCAGAC,0.5263503789901733
CCGUAGGGCCAGCCUCAGA,0.4036272168159485
CCCGUAGGGCCAGCCUCAG,0.2949349880218506
GCCCGUAGGGCCAGCCUCA,0.3486920893192291
UGCCCGUAGGGCCAGCCUC,0.4856835603713989
GUGCCCGUAGGGCCAGCCU,0.3226231634616852
GGUGCCCGUAGGGCCAGCC,0.3715670704841614
CGGUGCCCGUAGGGCCAGC,0.3489716947078705
CCGGUGCCCGUAGGGCCAG,0.3158492147922516
ACCGGUGCCCGUAGGGCCA,0.47954052686691284
CACCGGUGCCCGUAGGGCC,0.37910589575767517
UCACCGGUGCCCGUAGGGC,0.44668278098106384
UUCACCGGUGCCCGUAGGG,0.4845723807811737
AUUCACCGGUGCCCGUAGG,0.43842750787734985
GAUUCACCGGUGCCCGUAG,0.43927356600761414
GGAUUCACCGGUGCCCGUA,0.48306870460510254
UGGAUUCACCGGUGCCCGU,0.5416140556335449
UUGGAUUCACCGGUGCCCG,0.5477217435836792
CUUGGAUUCACCGGUGCCC,0.4602011740207672
ACUUGGAUUCACCGGUGCC,0.5494236946105957
CACUUGGAUUCACCGGUGC,0.47621840238571167
ACACUUGGAUUCACCGGUG,0.5482138991355896
GACACUUGGAUUCACCGGU,0.566285252571106
GGACACUUGGAUUCACCGG,0.4586215317249298
AGGACACUUGGAUUCACCG,0.6594344973564148
GAGGACACUUGGAUUCACC,0.6350414752960205
AGAGGACACUUGGAUUCAC,0.5835686326026917
CAGAGGACACUUGGAUUCA,0.42328011989593506
UCAGAGGACACUUGGAUUC,0.7082578539848328
AUCAGAGGACACUUGGAUU,0.6191300749778748
CAUCAGAGGACACUUGGAU,0.48543938994407654
CCAUCAGAGGACACUUGGA,0.5015814900398254
ACCAUCAGAGGACACUUGG,0.6287083029747009
GACCAUCAGAGGACACUUG,0.5552995800971985
UGACCAUCAGAGGACACUU,0.6262468695640564
UUGACCAUCAGAGGACACU,0.6846946477890015
UUUGACCAUCAGAGGACAC,0.6576411724090576
CUUUGACCAUCAGAGGACA,0.41409024596214294
ACUUUGACCAUCAGAGGAC,0.6345012784004211
AACUUUGACCAUCAGAGGA,0.64338618516922
GAACUUUGACCAUCAGAGG,0.5539499521255493
AGAACUUUGACCAUCAGAG,0.7147752642631531
UAGAACUUUGACCAUCAGA,0.6905881762504578
CUAGAACUUUGACCAUCAG,0.5148337483406067
UCUAGAACUUUGACCAUCA,0.687213659286499
AUCUAGAACUUUGACCAUC,0.6841422915458679
CAUCUAGAACUUUGACCAU,0.4249017834663391
GCAUCUAGAACUUUGACCA,0.5854525566101074
AGCAUCUAGAACUUUGACC,0.6886096000671387
CAGCAUCUAGAACUUUGAC,0.5289158225059509
ACAGCAUCUAGAACUUUGA,0.6428195834159851
GACAGCAUCUAGAACUUUG,0.5482482314109802
GGACAGCAUCUAGAACUUU,0.4371505677700043
CGGACAGCAUCUAGAACUU,0.4558831751346588
UCGGACAGCAUCUAGAACU,0.7736788392066956
CUCGGACAGCAUCUAGAAC,0.5804812908172607
CCUCGGACAGCAUCUAGAA,0.37026453018188477
GCCUCGGACAGCAUCUAGA,0.4594535827636719
UGCCUCGGACAGCAUCUAG,0.5468780994415283
CUGCCUCGGACAGCAUCUA,0.35782238841056824
ACUGCCUCGGACAGCAUCU,0.6641056537628174
GACUGCCUCGGACAGCAUC,0.5797821283340454
GGACUGCCUCGGACAGCAU,0.4139399826526642
AGGACUGCCUCGGACAGCA,0.5117550492286682
CAGGACUGCCUCGGACAGC,0.4070407450199127
GCAGGACUGCCUCGGACAG,0.36064812541007996
GGCAGGACUGCCUCGGACA,0.39997538924217224
UGGCAGGACUGCCUCGGAC,0.545244574546814
AUGGCAGGACUGCCUCGGA,0.38913092017173767
GAUGGCAGGACUGCCUCGG,0.356926828622818
UGAUGGCAGGACUGCCUCG,0.4951220452785492
UUGAUGGCAGGACUGCCUC,0.6650339961051941
AUUGAUGGCAGGACUGCCU,0.5728078484535217
CAUUGAUGGCAGGACUGCC,0.4498080909252167
ACAUUGAUGGCAGGACUGC,0.5199418663978577
CACAUUGAUGGCAGGACUG,0.4788246154785156
CCACAUUGAUGGCAGGACU,0.4708239436149597
GCCACAUUGAUGGCAGGAC,0.42249587178230286
GGCCACAUUGAUGGCAGGA,0.37304168939590454
CGGCCACAUUGAUGGCAGG,0.3713712990283966
ACGGCCACAUUGAUGGCAG,0.4954836666584015
CACGGCCACAUUGAUGGCA,0.391142874956131
GCACGGCCACAUUGAUGGC,0.40378472208976746
UGCACGGCCACAUUGAUGG,0.6247378587722778
AUGCACGGCCACAUUGAUG,0.5052840113639832
CAUGCACGGCCACAUUGAU,0.40392616391181946
ACAUGCACGGCCACAUUGA,0.4524519741535187
CACAUGCACGGCCACAUUG,0.5541747808456421
ACACAUGCACGGCCACAUU,0.5179987549781799
AACACAUGCACGGCCACAU,0.616834282875061
GAACACAUGCACGGCCACA,0.49614232778549194
UGAACACAUGCACGGCCAC,0.5410193204879761
CUGAACACAUGCACGGCCA,0.5591890811920166
UCUGAACACAUGCACGGCC,0.5747290253639221
UUCUGAACACAUGCACGGC,0.5006895065307617
UUUCUGAACACAUGCACGG,0.6446478366851807
CUUUCUGAACACAUGCACG,0.6258048415184021
CCUUUCUGAACACAUGCAC,0.5502927899360657
GCCUUUCUGAACACAUGCA,0.4807625114917755
AGCCUUUCUGAACACAUGC,0.6754634976387024
CAGCCUUUCUGAACACAUG,0.6016393303871155
GCAGCCUUUCUGAACACAU,0.3943066895008087
AGCAGCCUUUCUGAACACA,0.5810635685920715
CAGCAGCCUUUCUGAACAC,0.5510830283164978
UCAGCAGCCUUUCUGAACA,0.7575182914733887
AUCAGCAGCCUUUCUGAAC,0.6229079365730286
CAUCAGCAGCCUUUCUGAA,0.3627942204475403
UCAUCAGCAGCCUUUCUGA,0.6081222295761108
GUCAUCAGCAGCCUUUCUG,0.6155480146408081
UGUCAUCAGCAGCCUUUCU,0.5461047291755676
GUGUCAUCAGCAGCCUUUC,0.5915629863739014
GGUGUCAUCAGCAGCCUUU,0.36764779686927795
AGGUGUCAUCAGCAGCCUU,0.5031766295433044
CAGGUGUCAUCAGCAGCCU,0.4872000217437744
CCAGGUGUCAUCAGCAGCC,0.5720201730728149
CCCAGGUGUCAUCAGCAGC,0.5474584698677063
UCCCAGGUGUCAUCAGCAG,0.47488877177238464
CUCCCAGGUGUCAUCAGCA,0.467907577753067
GCUCCCAGGUGUCAUCAGC,0.4942375421524048
GGCUCCCAGGUGUCAUCAG,0.44706490635871887
UGGCUCCCAGGUGUCAUCA,0.5161073207855225
AUGGCUCCCAGGUGUCAUC,0.6710938811302185
AAUGGCUCCCAGGUGUCAU,0.5082486867904663
AAAUGGCUCCCAGGUGUCA,0.4685054421424866
CAAAUGGCUCCCAGGUGUC,0.4898744523525238
GCAAAUGGCUCCCAGGUGU,0.4052855372428894
GGCAAAUGGCUCCCAGGUG,0.40899965167045593
AGGCAAAUGGCUCCCAGGU,0.4412228465080261
GAGGCAAAUGGCUCCCAGG,0.42111214995384216
AGAGGCAAAUGGCUCCCAG,0.4702979028224945
CAGAGGCAAAUGGCUCCCA,0.3685797452926636
CCAGAGGCAAAUGGCUCCC,0.43535301089286804
CCCAGAGGCAAAUGGCUCC,0.484526664018631
UCCCAGAGGCAAAUGGCUC,0.5529486536979675
UUCCCAGAGGCAAAUGGCU,0.49973049759864807
UUUCCCAGAGGCAAAUGGC,0.5550872087478638
UUUUCCCAGAGGCAAAUGG,0.5720643997192383
GUUUUCCCAGAGGCAAAUG,0.4343383312225342
GGUUUUCCCAGAGGCAAAU,0.3664519190788269
UGGUUUUCCCAGAGGCAAA,0.5308542251586914
CUGGUUUUCCCAGAGGCAA,0.4175643026828766
ACUGGUUUUCCCAGAGGCA,0.4213266968727112
CACUGGUUUUCCCAGAGGC,0.43210190534591675
UCACUGGUUUUCCCAGAGG,0.4428752064704895
CUCACUGGUUUUCCCAGAG,0.43915653228759766
ACUCACUGGUUUUCCCAGA,0.4105730950832367
GACUCACUGGUUUUCCCAG,0.5087462067604065
AGACUCACUGGUUUUCCCA,0.6326193809509277
CAGACUCACUGGUUUUCCC,0.5883399248123169
CCAGACUCACUGGUUUUCC,0.641533374786377
UCCAGACUCACUGGUUUUC,0.6018618941307068
CUCCAGACUCACUGGUUUU,0.48222994804382324
UCUCCAGACUCACUGGUUU,0.6464619636535645
CUCUCCAGACUCACUGGUU,0.5270359516143799
GCUCUCCAGACUCACUGGU,0.44477978348731995
AGCUCUCCAGACUCACUGG,0.6075894236564636
CAGCUCUCCAGACUCACUG,0.6361607909202576
GCAGCUCUCCAGACUCACU,0.5290138721466064
UGCAGCUCUCCAGACUCAC,0.6812323331832886
AUGCAGCUCUCCAGACUCA,0.5516766905784607
CAUGCAGCUCUCCAGACUC,0.5972882509231567
CCAUGCAGCUCUCCAGACU,0.5001373887062073
CCCAUGCAGCUCUCCAGAC,0.4200589656829834
GCCCAUGCAGCUCUCCAGA,0.3958364725112915
AGCCCAUGCAGCUCUCCAG,0.5125909447669983
GAGCCCAUGCAGCUCUCCA,0.42369022965431213
UGAGCCCAUGCAGCUCUCC,0.53532475233078
GUGAGCCCAUGCAGCUCUC,0.496410995721817
UGUGAGCCCAUGCAGCUCU,0.5045908689498901
UUGUGAGCCCAUGCAGCUC,0.5481163263320923
GUUGUGAGCCCAUGCAGCU,0.521213710308075
AGUUGUGAGCCCAUGCAGC,0.5559408664703369
CAGUUGUGAGCCCAUGCAG,0.511208176612854
UCAGUUGUGAGCCCAUGCA,0.6406612992286682
CUCAGUUGUGAGCCCAUGC,0.5730199813842773
CCUCAGUUGUGAGCCCAUG,0.4352785050868988
UCCUCAGUUGUGAGCCCAU,0.4499787986278534
CUCCUCAGUUGUGAGCCCA,0.5166228413581848
CCUCCUCAGUUGUGAGCCC,0.4942280650138855
UCCUCCUCAGUUGUGAGCC,0.7258290648460388
UUCCUCCUCAGUUGUGAGC,0.6554391384124756
AUUCCUCCUCAGUUGUGAG,0.6002905368804932
AAUUCCUCCUCAGUUGUGA,0.578932523727417
AAAUUCCUCCUCAGUUGUG,0.5964942574501038
CAAAUUCCUCCUCAGUUGU,0.5785762667655945
ACAAAUUCCUCCUCAGUUG,0.740955650806427
UACAAAUUCCUCCUCAGUU,0.7154488563537598
CUACAAAUUCCUCCUCAGU,0.546092689037323
UCUACAAAUUCCUCCUCAG,0.6727938652038574
UUCUACAAAUUCCUCCUCA,0.6629174947738647
CUUCUACAAAUUCCUCCUC,0.6522107124328613
CCUUCUACAAAUUCCUCCU,0.5948367118835449
CCCUUCUACAAAUUCCUCC,0.6177200078964233
UCCCUUCUACAAAUUCCUC,0.6553336977958679
AUCCCUUCUACAAAUUCCU,0.6515336036682129
UAUCCCUUCUACAAAUUCC,0.7084110379219055
AUAUCCCUUCUACAAAUUC,0.693012535572052
UAUAUCCCUUCUACAAAUU,0.658979594707489
GUAUAUCCCUUCUACAAAU,0.47147926688194275
UGUAUAUCCCUUCUACAAA,0.6961461901664734
UUGUAUAUCCCUUCUACAA,0.692598819732666
UUUGUAUAUCCCUUCUACA,0.7596086859703064
CUUUGUAUAUCCCUUCUAC,0.6856849789619446
ACUUUGUAUAUCCCUUCUA,0.543506383895874
CACUUUGUAUAUCCCUUCU,0.6318113803863525
CCACUUUGUAUAUCCCUUC,0.6982482671737671
UCCACUUUGUAUAUCCCUU,0.7382201552391052
UUCCACUUUGUAUAUCCCU,0.6985510587692261
UUUCCACUUUGUAUAUCCC,0.7608802318572998
AUUUCCACUUUGUAUAUCC,0.7924752235412598
UAUUUCCACUUUGUAUAUC,0.7599479556083679
CUAUUUCCACUUUGUAUAU,0.5113992691040039
UCUAUUUCCACUUUGUAUA,0.7457382082939148
GUCUAUUUCCACUUUGUAU,0.5848963260650635
UGUCUAUUUCCACUUUGUA,0.7219060063362122
GUGUCUAUUUCCACUUUGU,0.5809686183929443
GGUGUCUAUUUCCACUUUG,0.6331478953361511
UGGUGUCUAUUUCCACUUU,0.6518589854240417
UUGGUGUCUAUUUCCACUU,0.7650941610336304
UUUGGUGUCUAUUUCCACU,0.7297608256340027
AUUUGGUGUCUAUUUCCAC,0.660643994808197
GAUUUGGUGUCUAUUUCCA,0.483921617269516
AGAUUUGGUGUCUAUUUCC,0.6394319534301758
AAGAUUUGGUGUCUAUUUC,0.697975754737854
UAAGAUUUGGUGUCUAUUU,0.7247523665428162
GUAAGAUUUGGUGUCUAUU,0.548568069934845
AGUAAGAUUUGGUGUCUAU,0.44838887453079224
CAGUAAGAUUUGGUGUCUA,0.4326893091201782
CCAGUAAGAUUUGGUGUCU,0.5236295461654663
UCCAGUAAGAUUUGGUGUC,0.6658561825752258
UUCCAGUAAGAUUUGGUGU,0.6630083918571472
CUUCCAGUAAGAUUUGGUG,0.5948002934455872
CCUUCCAGUAAGAUUUGGU,0.4867195188999176
GCCUUCCAGUAAGAUUUGG,0.49937766790390015
UGCCUUCCAGUAAGAUUUG,0.6380529403686523
GUGCCUUCCAGUAAGAUUU,0.6100757122039795
AGUGCCUUCCAGUAAGAUU,0.6057655215263367
AAGUGCCUUCCAGUAAGAU,0.5484790802001953
CAAGUGCCUUCCAGUAAGA,0.4965602159500122
CCAAGUGCCUUCCAGUAAG,0.6344981789588928
GCCAAGUGCCUUCCAGUAA,0.4117949903011322
UGCCAAGUGCCUUCCAGUA,0.5997275710105896
AUGCCAAGUGCCUUCCAGU,0.646337628364563
GAUGCCAAGUGCCUUCCAG,0.5695421099662781
AGAUGCCAAGUGCCUUCCA,0.4771711528301239
GAGAUGCCAAGUGCCUUCC,0.5638903975486755
GGAGAUGCCAAGUGCCUUC,0.5029280781745911
GGGAGAUGCCAAGUGCCUU,0.46277880668640137
GGGGAGAUGCCAAGUGCCU,0.42351359128952026
UGGGGAGAUGCCAAGUGCC,0.6508934497833252
AUGGGGAGAUGCCAAGUGC,0.6284145712852478
AAUGGGGAGAUGCCAAGUG,0.5419387817382812
GAAUGGGGAGAUGCCAAGU,0.44678041338920593
GGAAUGGGGAGAUGCCAAG,0.4273695647716522
UGGAAUGGGGAGAUGCCAA,0.569793164730072
AUGGAAUGGGGAGAUGCCA,0.560285747051239
CAUGGAAUGGGGAGAUGCC,0.5184164643287659
UCAUGGAAUGGGGAGAUGC,0.558293879032135
CUCAUGGAAUGGGGAGAUG,0.39323872327804565
GCUCAUGGAAUGGGGAGAU,0.33395880460739136
UGCUCAUGGAAUGGGGAGA,0.4535300135612488
AUGCUCAUGGAAUGGGGAG,0.5328357219696045
CAUGCUCAUGGAAUGGGGA,0.4476351737976074
GCAUGCUCAUGGAAUGGGG,0.44613412022590637
UGCAUGCUCAUGGAAUGGG,0.558682382106781
CUGCAUGCUCAUGGAAUGG,0.5313668847084045
UCUGCAUGCUCAUGGAAUG,0.6876358985900879
CUCUGCAUGCUCAUGGAAU,0.41466301679611206
CCUCUGCAUGCUCAUGGAA,0.29351869225502014
ACCUCUGCAUGCUCAUGGA,0.522459864616394
CACCUCUGCAUGCUCAUGG,0.549477756023407
CCACCUCUGCAUGCUCAUG,0.4076303243637085
ACCACCUCUGCAUGCUCAU,0.446489155292511
UACCACCUCUGCAUGCUCA,0.6158038377761841
AUACCACCUCUGCAUGCUC,0.6589936017990112
AAUACCACCUCUGCAUGCU,0.626629114151001
GAAUACCACCUCUGCAUGC,0.5272994041442871
UGAAUACCACCUCUGCAUG,0.6649072170257568
GUGAAUACCACCUCUGCAU,0.5581156015396118
UGUGAAUACCACCUCUGCA,0.6960430145263672
CUGUGAAUACCACCUCUGC,0.6323286294937134
GCUGUGAAUACCACCUCUG,0.652745246887207
GGCUGUGAAUACCACCUCU,0.5145193934440613
UGGCUGUGAAUACCACCUC,0.6965076327323914
UUGGCUGUGAAUACCACCU,0.7240830063819885
GUUGGCUGUGAAUACCACC,0.6752099394798279
CGUUGGCUGUGAAUACCAC,0.5955341458320618
UCGUUGGCUGUGAAUACCA,0.6826968193054199
GUCGUUGGCUGUGAAUACC,0.6927695274353027
AGUCGUUGGCUGUGAAUAC,0.6959669589996338
GAGUCGUUGGCUGUGAAUA,0.37519732117652893
GGAGUCGUUGGCUGUGAAU,0.40906375646591187
CGGAGUCGUUGGCUGUGAA,0.419644832611084
CCGGAGUCGUUGGCUGUGA,0.34770360589027405
GCCGGAGUCGUUGGCUGUG,0.3657631576061249
GGCCGGAGUCGUUGGCUGU,0.40533551573753357
GGGCCGGAGUCGUUGGCUG,0.3623923063278198
GGGGCCGGAGUCGUUGGCU,0.35203275084495544
GGGGGCCGGAGUCGUUGGC,0.3382861614227295
CGGGGGCCGGAGUCGUUGG,0.30386868119239807
GCGGGGGCCGGAGUCGUUG,0.35715463757514954
GGCGGGGGCCGGAGUCGUU,0.33493921160697937
CGGCGGGGGCCGGAGUCGU,0.3039170503616333
GCGGCGGGGGCCGGAGUCG,0.3145497143268585
AGCGGCGGGGGCCGGAGUC,0.3687967360019684
UAGCGGCGGGGGCCGGAGU,0.3712327480316162
GUAGCGGCGGGGGCCGGAG,0.3476126790046692
UGUAGCGGCGGGGGCCGGA,0.3614755868911743
GUGUAGCGGCGGGGGCCGG,0.3537016808986664
GGUGUAGCGGCGGGGGCCG,0.3588089048862457
UGGUGUAGCGGCGGGGGCC,0.4925965666770935
AUGGUGUAGCGGCGGGGGC,0.5882158875465393
AAUGGUGUAGCGGCGGGGG,0.4005086123943329
CAAUGGUGUAGCGGCGGGG,0.4693393409252167
GCAAUGGUGUAGCGGCGGG,0.4166804254055023
GGCAAUGGUGUAGCGGCGG,0.40840500593185425
CGGCAAUGGUGUAGCGGCG,0.43253615498542786
GCGGCAAUGGUGUAGCGGC,0.4521764814853668
GGCGGCAAUGGUGUAGCGG,0.4015694856643677
GGGCGGCAAUGGUGUAGCG,0.3801663815975189
AGGGCGGCAAUGGUGUAGC,0.4781738221645355
CAGGGCGGCAAUGGUGUAG,0.42445290088653564
GCAGGGCGGCAAUGGUGUA,0.3201884329319
AGCAGGGCGGCAAUGGUGU,0.41145944595336914
CAGCAGGGCGGCAAUGGUG,0.4415318965911865
UCAGCAGGGCGGCAAUGGU,0.4588867723941803
CUCAGCAGGGCGGCAAUGG,0.37910035252571106
GCUCAGCAGGGCGGCAAUG,0.31194186210632324
GGCUCAGCAGGGCGGCAAU,0.3098633289337158
GGGCUCAGCAGGGCGGCAA,0.3468204736709595
GGGGCUCAGCAGGGCGGCA,0.2792607545852661
AGGGGCUCAGCAGGGCGGC,0.38731494545936584
UAGGGGCUCAGCAGGGCGG,0.5125057697296143
GUAGGGGCUCAGCAGGGCG,0.5076943635940552
AGUAGGGGCUCAGCAGGGC,0.4560565650463104
GAGUAGGGGCUCAGCAGGG,0.4414626657962799
GGAGUAGGGGCUCAGCAGG,0.4046338200569153
AGGAGUAGGGGCUCAGCAG,0.5375688672065735
UAGGAGUAGGGGCUCAGCA,0.6850345730781555
AUAGGAGUAGGGGCUCAGC,0.6692110300064087
AAUAGGAGUAGGGGCUCAG,0.6065236330032349
GAAUAGGAGUAGGGGCUCA,0.4167564809322357
GGAAUAGGAGUAGGGGCUC,0.41830578446388245
UGGAAUAGGAGUAGGGGCU,0.5746493935585022
GUGGAAUAGGAGUAGGGGC,0.5530501008033752
GGUGGAAUAGGAGUAGGGG,0.47722524404525757
UGGUGGAAUAGGAGUAGGG,0.5553154349327087
GUGGUGGAAUAGGAGUAGG,0.5705281496047974
CGUGGUGGAAUAGGAGUAG,0.4611721932888031
CCGUGGUGGAAUAGGAGUA,0.40159478783607483
GCCGUGGUGGAAUAGGAGU,0.4084322154521942
AGCCGUGGUGGAAUAGGAG,0.4742395877838135
CAGCCGUGGUGGAAUAGGA,0.4958935081958771
ACAGCCGUGGUGGAAUAGG,0.573074460029602
GACAGCCGUGGUGGAAUAG,0.4609605371952057
CGACAGCCGUGGUGGAAUA,0.38935816287994385
ACGACAGCCGUGGUGGAAU,0.4804317355155945
GACGACAGCCGUGGUGGAA,0.4227616488933563
UGACGACAGCCGUGGUGGA,0.48436930775642395
GUGACGACAGCCGUGGUGG,0.5821740627288818
GGUGACGACAGCCGUGGUG,0.4541242718696594
UGGUGACGACAGCCGUGGU,0.51780766248703
UUGGUGACGACAGCCGUGG,0.6627953052520752
AUUGGUGACGACAGCCGUG,0.6679531335830688
GAUUGGUGACGACAGCCGU,0.522363543510437
GGAUUGGUGACGACAGCCG,0.5265156626701355
GGGAUUGGUGACGACAGCC,0.5164552927017212
UGGGAUUGGUGACGACAGC,0.5729885697364807
UUGGGAUUGGUGACGACAG,0.5843032598495483
CUUGGGAUUGGUGACGACA,0.5031232237815857
CCUUGGGAUUGGUGACGAC,0.44423243403434753
UCCUUGGGAUUGGUGACGA,0.568618893623352
UUCCUUGGGAUUGGUGACG,0.5496816635131836
AUUCCUUGGGAUUGGUGAC,0.5887258052825928
CAUUCCUUGGGAUUGGUGA,0.4760805070400238
UCAUUCCUUGGGAUUGGUG,0.5945369005203247
CUCAUUCCUUGGGAUUGGU,0.554587721824646
CCUCAUUCCUUGGGAUUGG,0.5300090909004211
CCCUCAUUCCUUGGGAUUG,0.3906010091304779
UCCCUCAUUCCUUGGGAUU,0.44226378202438354
GUCCCUCAUUCCUUGGGAU,0.3838261365890503
AGUCCCUCAUUCCUUGGGA,0.4134814739227295
AAGUCCCUCAUUCCUUGGG,0.5726401805877686
GAAGUCCCUCAUUCCUUGG,0.5349845290184021
AGAAGUCCCUCAUUCCUUG,0.622143030166626
GAGAAGUCCCUCAUUCCUU,0.5036338567733765
GGAGAAGUCCCUCAUUCCU,0.4921122193336487
AGGAGAAGUCCCUCAUUCC,0.6216927170753479
GAGGAGAAGUCCCUCAUUC,0.43665048480033875
GGAGGAGAAGUCCCUCAUU,0.31572192907333374
UGGAGGAGAAGUCCCUCAU,0.5060795545578003
CUGGAGGAGAAGUCCCUCA,0.419151246547699
ACUGGAGGAGAAGUCCCUC,0.5607516765594482
CACUGGAGGAGAAGUCCCU,0.5297031998634338
CCACUGGAGGAGAAGUCCC,0.5067636966705322
UCCACUGGAGGAGAAGUCC,0.610602855682373
GUCCACUGGAGGAGAAGUC,0.5221642255783081
GGUCCACUGGAGGAGAAGU,0.4223702549934387
AGGUCCACUGGAGGAGAAG,0.5235906839370728
CAGGUCCACUGGAGGAGAA,0.41490626335144043
UCAGGUCCACUGGAGGAGA,0.5325289368629456
UUCAGGUCCACUGGAGGAG,0.609288215637207
CUUCAGGUCCACUGGAGGA,0.4679265022277832
CCUUCAGGUCCACUGGAGG,0.4155520796775818
UCCUUCAGGUCCACUGGAG,0.5550926327705383
GUCCUUCAGGUCCACUGGA,0.41399872303009033
CGUCCUUCAGGUCCACUGG,0.464104026556015
UCGUCCUUCAGGUCCACUG,0.695206880569458
CUCGUCCUUCAGGUCCACU,0.43187272548675537
CCUCGUCCUUCAGGUCCAC,0.39434218406677246
CCCUCGUCCUUCAGGUCCA,0.46408769488334656
UCCCUCGUCCUUCAGGUCC,0.6428112387657166
AUCCCUCGUCCUUCAGGUC,0.5576696991920471
CAUCCCUCGUCCUUCAGGU,0.450959712266922
CCAUCCCUCGUCCUUCAGG,0.3798399865627289
CCCAUCCCUCGUCCUUCAG,0.320773720741272
UCCCAUCCCUCGUCCUUCA,0.5565758943557739
AUCCCAUCCCUCGUCCUUC,0.7494097352027893
AAUCCCAUCCCUCGUCCUU,0.4996729791164398
AAAUCCCAUCCCUCGUCCU,0.524316132068634
GAAAUCCCAUCCCUCGUCC,0.4704548120498657
UGAAAUCCCAUCCCUCGUC,0.6925493478775024
AUGAAAUCCCAUCCCUCGU,0.5655984282493591
CAUGAAAUCCCAUCCCUCG,0.4546760320663452
ACAUGAAAUCCCAUCCCUC,0.6037065982818604
UACAUGAAAUCCCAUCCCU,0.6844533085823059
UUACAUGAAAUCCCAUCCC,0.7000342011451721
GUUACAUGAAAUCCCAUCC,0.5797923803329468
GGUUACAUGAAAUCCCAUC,0.41525033116340637
UGGUUACAUGAAAUCCCAU,0.4867110550403595
UUGGUUACAUGAAAUCCCA,0.689665675163269
CUUGGUUACAUGAAAUCCC,0.6739353537559509
UCUUGGUUACAUGAAAUCC,0.6776351928710938
CUCUUGGUUACAUGAAAUC,0.5096744894981384
ACUCUUGGUUACAUGAAAU,0.5014104843139648
UACUCUUGGUUACAUGAAA,0.5980836153030396
AUACUCUUGGUUACAUGAA,0.6820811629295349
AAUACUCUUGGUUACAUGA,0.7016310691833496
GAAUACUCUUGGUUACAUG,0.6926885843276978
GGAAUACUCUUGGUUACAU,0.3926721513271332
UGGAAUACUCUUGGUUACA,0.6634694337844849
AUGGAAUACUCUUGGUUAC,0.7555381655693054
AAUGGAAUACUCUUGGUUA,0.6825211644172668
AAAUGGAAUACUCUUGGUU,0.595487654209137
AAAAUGGAAUACUCUUGGU,0.5893052220344543
AAAAAUGGAAUACUCUUGG,0.6787109375
UAAAAAUGGAAUACUCUUG,0.7097204923629761
GUAAAAAUGGAAUACUCUU,0.5545710325241089
AGUAAAAAUGGAAUACUCU,0.6764426827430725
UAGUAAAAAUGGAAUACUC,0.7036837339401245
UUAGUAAAAAUGGAAUACU,0.7422486543655396
UUUAGUAAAAAUGGAAUAC,0.7108012437820435
CUUUAGUAAAAAUGGAAUA,0.4041234254837036
GCUUUAGUAAAAAUGGAAU,0.36107316613197327
UGCUUUAGUAAAAAUGGAA,0.5120111703872681
CUGCUUUAGUAAAAAUGGA,0.5725700259208679
ACUGCUUUAGUAAAAAUGG,0.7279089689254761
CACUGCUUUAGUAAAAAUG,0.6691852807998657
ACACUGCUUUAGUAAAAAU,0.4578103721141815
AACACUGCUUUAGUAAAAA,0.5391032099723816
AAACACUGCUUUAGUAAAA,0.43833574652671814
AAAACACUGCUUUAGUAAA,0.4387079179286957
GAAAACACUGCUUUAGUAA,0.42245325446128845
UGAAAACACUGCUUUAGUA,0.5743687748908997
GUGAAAACACUGCUUUAGU,0.5641860365867615
GGUGAAAACACUGCUUUAG,0.5140446424484253
AGGUGAAAACACUGCUUUA,0.4510127007961273
GAGGUGAAAACACUGCUUU,0.4560575783252716
UGAGGUGAAAACACUGCUU,0.6761703491210938
AUGAGGUGAAAACACUGCU,0.6465477347373962
UAUGAGGUGAAAACACUGC,0.6918495893478394
AUAUGAGGUGAAAACACUG,0.6105835437774658
CAUAUGAGGUGAAAACACU,0.5597860217094421
GCAUAUGAGGUGAAAACAC,0.49538886547088623
AGCAUAUGAGGUGAAAACA,0.5810330510139465
UAGCAUAUGAGGUGAAAAC,0.6369207501411438
AUAGCAUAUGAGGUGAAAA,0.6301560997962952
CAUAGCAUAUGAGGUGAAA,0.3673632740974426
ACAUAGCAUAUGAGGUGAA,0.42831048369407654
AACAUAGCAUAUGAGGUGA,0.54515141248703
UAACAUAGCAUAUGAGGUG,0.6376169919967651
CUAACAUAGCAUAUGAGGU,0.5798438787460327
UCUAACAUAGCAUAUGAGG,0.6274582147598267
UUCUAACAUAGCAUAUGAG,0.6115788221359253
CUUCUAACAUAGCAUAUGA,0.5583466291427612
ACUUCUAACAUAGCAUAUG,0.5877053141593933
GACUUCUAACAUAGCAUAU,0.4484671652317047
GGACUUCUAACAUAGCAUA,0.4091082215309143
UGGACUUCUAACAUAGCAU,0.641445517539978
CUGGACUUCUAACAUAGCA,0.6180304288864136
CCUGGACUUCUAACAUAGC,0.5820438265800476
GCCUGGACUUCUAACAUAG,0.43797314167022705
UGCCUGGACUUCUAACAUA,0.5981483459472656
CUGCCUGGACUUCUAACAU,0.4546554684638977
UCUGCCUGGACUUCUAACA,0.6751648187637329
CUCUGCCUGGACUUCUAAC,0.6326998472213745
UCUCUGCCUGGACUUCUAA,0.5760930180549622
GUCUCUGCCUGGACUUCUA,0.5053412318229675
UGUCUCUGCCUGGACUUCU,0.6473758220672607
UUGUCUCUGCCUGGACUUC,0.7017813920974731
AUUGUCUCUGCCUGGACUU,0.743881344795227
UAUUGUCUCUGCCUGGACU,0.7044298648834229
